INSERT INTO RESPONSABILE 
(COD_FISC,NOME,COGNOME,STIPENDIO,NASCITA) 
VALUES 
('AAAAAAAAAAAAAAAA','ANGELO','MARZOCCHI',36000,DATE '1998-11-25');

INSERT INTO RESPONSABILE 
(COD_FISC,NOME,COGNOME,STIPENDIO,NASCITA) 
VALUES 
('BBBBBBBBBBBBBBBB','ANIELLO','GENOVESE',36000,DATE '1999-07-27');

INSERT INTO RESPONSABILE 
(COD_FISC,NOME,COGNOME,STIPENDIO,NASCITA) 
VALUES 
('CCCCCCCCCCCCCCCC','GENNARO','DE ROSA',36000,DATE '1998-02-13');

INSERT INTO DIPENDENTE 
(COD_FIS,NOME_DIP,COGNOME_DIP,RUOLO,NASCITA_DIP,COD_FISC_RESP) 
VALUES 
('PCRBIE36H60I604C','GIUSEPPE','IMPASTATO','ADDETTO VENDITE',DATE '1997-02-01','AAAAAAAAAAAAAAAA');

INSERT INTO DIPENDENTE 
(COD_FIS,NOME_DIP,COGNOME_DIP,RUOLO,NASCITA_DIP,COD_FISC_RESP) 
VALUES 
('VPBZXA94H53D284Y','BRUNO','VOLZONE','ADDETTO VENDITE',DATE '1985-04-22','AAAAAAAAAAAAAAAA');

INSERT INTO DIPENDENTE 
(COD_FIS,NOME_DIP,COGNOME_DIP,RUOLO,NASCITA_DIP,COD_FISC_RESP) 
VALUES 
('FKGQKH62E22E773B','ANTONINO','CANNAVACCIUOLO','ADDETTO VENDITE',DATE '1979-11-01','AAAAAAAAAAAAAAAA');

INSERT INTO DIPENDENTE 
(COD_FIS,NOME_DIP,COGNOME_DIP,RUOLO,NASCITA_DIP,COD_FISC_RESP) 
VALUES 
('RRDZZZ74E71L879S','CARLO','TERZO','ADDETTO VENDITE',DATE '1990-01-09','AAAAAAAAAAAAAAAA');

INSERT INTO DIPENDENTE 
(COD_FIS,NOME_DIP,COGNOME_DIP,RUOLO,NASCITA_DIP,COD_FISC_RESP) 
VALUES 
('ZKGLNL98P17B554M','MARIO','ROSSONE','ADDETTO VENDITE',DATE '1991-04-05','AAAAAAAAAAAAAAAA');

INSERT INTO DIPENDENTE 
(COD_FIS,NOME_DIP,COGNOME_DIP,RUOLO,NASCITA_DIP,COD_FISC_RESP) 
VALUES 
('WCFWHL44R24A518W','NINO','DE ANGELO','ADDETTO VENDITE',DATE '1993-12-25','BBBBBBBBBBBBBBBB');

INSERT INTO DIPENDENTE 
(COD_FIS,NOME_DIP,COGNOME_DIP,RUOLO,NASCITA_DIP,COD_FISC_RESP) 
VALUES 
('WZVQDH67H12D488P','BEPPE','BERGOMI','ADDETTO VENDITE',DATE '1984-05-24','BBBBBBBBBBBBBBBB');

INSERT INTO DIPENDENTE 
(COD_FIS,NOME_DIP,COGNOME_DIP,RUOLO,NASCITA_DIP,COD_FISC_RESP) 
VALUES 
('NDGVFN27T03L074Q','FABIO','CARESSA','ADDETTO VENDITE',DATE '1981-09-09','BBBBBBBBBBBBBBBB');

INSERT INTO DIPENDENTE 
(COD_FIS,NOME_DIP,COGNOME_DIP,RUOLO,NASCITA_DIP,COD_FISC_RESP) 
VALUES 
('TSFSXP54P68F006N','ANGELO','DE ROSA','CASSA',DATE '1992-01-25','BBBBBBBBBBBBBBBB');

INSERT INTO DIPENDENTE 
(COD_FIS,NOME_DIP,COGNOME_DIP,RUOLO,NASCITA_DIP,COD_FISC_RESP) 
VALUES 
('MKNNND55S22I479K','GAIA','PANINO','CASSA',DATE '1999-03-21','BBBBBBBBBBBBBBBB');


INSERT INTO DIPENDENTE 
(COD_FIS,NOME_DIP,COGNOME_DIP,RUOLO,NASCITA_DIP,COD_FISC_RESP) 
VALUES 
('CGMGTW53M47L749X','GIACOMO','GIACOMELLI','PULIZIA PESCE',DATE '1995-12-19','CCCCCCCCCCCCCCCC');

INSERT INTO DIPENDENTE 
(COD_FIS,NOME_DIP,COGNOME_DIP,RUOLO,NASCITA_DIP,COD_FISC_RESP) 
VALUES 
('MVBDDS65P67G155H','PAOLO','DI CANIO','PULIZIA PESCE',DATE '1994-05-01','CCCCCCCCCCCCCCCC');

INSERT INTO DIPENDENTE 
(COD_FIS,NOME_DIP,COGNOME_DIP,RUOLO,NASCITA_DIP,COD_FISC_RESP) 
VALUES 
('HHPQRT80A25I389T','LINO','BANFI','PULIZIA PESCE',DATE '1984-05-03','CCCCCCCCCCCCCCCC');

INSERT INTO DIPENDENTE 
(COD_FIS,NOME_DIP,COGNOME_DIP,RUOLO,NASCITA_DIP,COD_FISC_RESP) 
VALUES 
('GCCTTP93D22I997H','FABIO','QUAGLIARELLA','PULIZIA PESCE',DATE '1995-07-29','CCCCCCCCCCCCCCCC');

INSERT INTO DIPENDENTE 
(COD_FIS,NOME_DIP,COGNOME_DIP,RUOLO,NASCITA_DIP,COD_FISC_RESP) 
VALUES 
('TCSFVR83M03I832M','MARIA','PASCALE','PULIZIA PESCE',DATE '2000-05-08','CCCCCCCCCCCCCCCC');

INSERT INTO DIPENDENTE 
(COD_FIS,NOME_DIP,COGNOME_DIP,RUOLO,NASCITA_DIP,COD_FISC_RESP) 
VALUES 
('DNGJVR42R06F085C','MICHELA','GIRAUD','PULIZIA PESCE',DATE '1992-04-06','CCCCCCCCCCCCCCCC');







INSERT INTO STIPENDIO
(LORDO,DATA_STIPENDIO,CF_RICEVENTE)
VALUES
(950,DATE '2021-05-27','PCRBIE36H60I604C');

INSERT INTO STIPENDIO
(LORDO,DATA_STIPENDIO,CF_RICEVENTE)
VALUES
(980,DATE '2021-06-27','PCRBIE36H60I604C');

INSERT INTO STIPENDIO
(LORDO,DATA_STIPENDIO,CF_RICEVENTE)
VALUES
(930,DATE '2021-05-27','VPBZXA94H53D284Y');

INSERT INTO STIPENDIO
(LORDO,DATA_STIPENDIO,CF_RICEVENTE)
VALUES
(950,DATE '2021-06-27','VPBZXA94H53D284Y');

INSERT INTO STIPENDIO
(LORDO,DATA_STIPENDIO,CF_RICEVENTE)
VALUES
(950,DATE '2021-05-27','FKGQKH62E22E773B');

INSERT INTO STIPENDIO
(LORDO,DATA_STIPENDIO,CF_RICEVENTE)
VALUES
(1000,DATE '2021-06-27','FKGQKH62E22E773B');

INSERT INTO STIPENDIO
(LORDO,DATA_STIPENDIO,CF_RICEVENTE)
VALUES
(962,DATE '2021-05-27','RRDZZZ74E71L879S');

INSERT INTO STIPENDIO
(LORDO,DATA_STIPENDIO,CF_RICEVENTE)
VALUES
(990,DATE '2021-06-27','RRDZZZ74E71L879S');

INSERT INTO STIPENDIO
(LORDO,DATA_STIPENDIO,CF_RICEVENTE)
VALUES
(955,DATE '2021-05-27','ZKGLNL98P17B554M');

INSERT INTO STIPENDIO
(LORDO,DATA_STIPENDIO,CF_RICEVENTE)
VALUES
(990,DATE '2021-06-27','ZKGLNL98P17B554M');

INSERT INTO STIPENDIO
(LORDO,DATA_STIPENDIO,CF_RICEVENTE)
VALUES
(950,DATE '2021-05-27','WCFWHL44R24A518W');


INSERT INTO STIPENDIO
(LORDO,DATA_STIPENDIO,CF_RICEVENTE)
VALUES
(900,DATE '2021-06-27','WCFWHL44R24A518W');

INSERT INTO STIPENDIO
(LORDO,DATA_STIPENDIO,CF_RICEVENTE)
VALUES
(990,DATE '2021-05-27','WZVQDH67H12D488P');

INSERT INTO STIPENDIO
(LORDO,DATA_STIPENDIO,CF_RICEVENTE)
VALUES
(1054,DATE '2021-06-27','WZVQDH67H12D488P');

INSERT INTO STIPENDIO
(LORDO,DATA_STIPENDIO,CF_RICEVENTE)
VALUES
(880,DATE '2021-05-27','NDGVFN27T03L074Q');


INSERT INTO STIPENDIO
(LORDO,DATA_STIPENDIO,CF_RICEVENTE)
VALUES
(950,DATE '2021-06-27','NDGVFN27T03L074Q');

INSERT INTO STIPENDIO
(LORDO,DATA_STIPENDIO,CF_RICEVENTE)
VALUES
(1050,DATE '2021-05-27','TSFSXP54P68F006N');

INSERT INTO STIPENDIO
(LORDO,DATA_STIPENDIO,CF_RICEVENTE)
VALUES
(1054,DATE '2021-06-27','TSFSXP54P68F006N');

INSERT INTO STIPENDIO
(LORDO,DATA_STIPENDIO,CF_RICEVENTE)
VALUES
(1002,DATE '2021-05-27','MKNNND55S22I479K');

INSERT INTO STIPENDIO
(LORDO,DATA_STIPENDIO,CF_RICEVENTE)
VALUES
(1021,DATE '2021-06-27','MKNNND55S22I479K');

INSERT INTO STIPENDIO
(LORDO,DATA_STIPENDIO,CF_RICEVENTE)
VALUES
(1251,DATE '2021-05-27','CGMGTW53M47L749X');

INSERT INTO STIPENDIO
(LORDO,DATA_STIPENDIO,CF_RICEVENTE)
VALUES
(1240,DATE '2021-06-27','CGMGTW53M47L749X');

INSERT INTO STIPENDIO
(LORDO,DATA_STIPENDIO,CF_RICEVENTE)
VALUES
(1266,DATE '2021-05-27','MVBDDS65P67G155H');

INSERT INTO STIPENDIO
(LORDO,DATA_STIPENDIO,CF_RICEVENTE)
VALUES
(1231,DATE '2021-06-27','MVBDDS65P67G155H');

INSERT INTO STIPENDIO
(LORDO,DATA_STIPENDIO,CF_RICEVENTE)
VALUES
(1245,DATE '2021-05-27','HHPQRT80A25I389T');

INSERT INTO STIPENDIO
(LORDO,DATA_STIPENDIO,CF_RICEVENTE)
VALUES
(1278,DATE '2021-06-27','HHPQRT80A25I389T');

INSERT INTO STIPENDIO
(LORDO,DATA_STIPENDIO,CF_RICEVENTE)
VALUES
(1230,DATE '2021-05-27','GCCTTP93D22I997H');

INSERT INTO STIPENDIO
(LORDO,DATA_STIPENDIO,CF_RICEVENTE)
VALUES
(1267,DATE '2021-06-27','GCCTTP93D22I997H');

INSERT INTO STIPENDIO
(LORDO,DATA_STIPENDIO,CF_RICEVENTE)
VALUES
(1255,DATE '2021-05-27','TCSFVR83M03I832M');

INSERT INTO STIPENDIO
(LORDO,DATA_STIPENDIO,CF_RICEVENTE)
VALUES
(1301,DATE '2021-06-27','TCSFVR83M03I832M');

INSERT INTO STIPENDIO
(LORDO,DATA_STIPENDIO,CF_RICEVENTE)
VALUES
(1291,DATE '2021-05-27','DNGJVR42R06F085C');

INSERT INTO STIPENDIO
(LORDO,DATA_STIPENDIO,CF_RICEVENTE)
VALUES
(1325,DATE '2021-06-27','DNGJVR42R06F085C');






INSERT INTO TURNO
(DATA_INIZIO,CF_TURNO)
VALUES
(TIMESTAMP '2021-05-01 06:00:00','PCRBIE36H60I604C');

INSERT INTO TURNO
(DATA_INIZIO,CF_TURNO)
VALUES
(TIMESTAMP '2021-05-02 06:00:00','PCRBIE36H60I604C');

INSERT INTO TURNO
(DATA_INIZIO,CF_TURNO)
VALUES
(TIMESTAMP '2021-05-01 06:00:00','VPBZXA94H53D284Y');

INSERT INTO TURNO
(DATA_INIZIO,CF_TURNO)
VALUES
(TIMESTAMP '2021-05-02 06:00:00','VPBZXA94H53D284Y');

INSERT INTO TURNO
(DATA_INIZIO,CF_TURNO)
VALUES
(TIMESTAMP '2021-05-01 06:00:00','FKGQKH62E22E773B');

INSERT INTO TURNO
(DATA_INIZIO,CF_TURNO)
VALUES
(TIMESTAMP '2021-05-02 06:00:00','FKGQKH62E22E773B');

INSERT INTO TURNO
(DATA_INIZIO,CF_TURNO)
VALUES
(TIMESTAMP '2021-05-01 06:00:00','RRDZZZ74E71L879S');

INSERT INTO TURNO
(DATA_INIZIO,CF_TURNO)
VALUES
(TIMESTAMP '2021-05-02 06:00:00','RRDZZZ74E71L879S');

INSERT INTO TURNO
(DATA_INIZIO,CF_TURNO)
VALUES
(TIMESTAMP '2021-05-01 06:00:00','ZKGLNL98P17B554M');

INSERT INTO TURNO
(DATA_INIZIO,CF_TURNO)
VALUES
(TIMESTAMP '2021-05-02 06:00:00','ZKGLNL98P17B554M');

INSERT INTO TURNO
(DATA_INIZIO,CF_TURNO)
VALUES
(TIMESTAMP '2021-05-01 06:00:00','WCFWHL44R24A518W');

INSERT INTO TURNO
(DATA_INIZIO,CF_TURNO)
VALUES
(TIMESTAMP '2021-05-02 06:00:00','WCFWHL44R24A518W');

INSERT INTO TURNO
(DATA_INIZIO,CF_TURNO)
VALUES
(TIMESTAMP '2021-05-01 06:00:00','WZVQDH67H12D488P');

INSERT INTO TURNO
(DATA_INIZIO,CF_TURNO)
VALUES
(TIMESTAMP '2021-05-02 06:00:00','WZVQDH67H12D488P');

INSERT INTO TURNO
(DATA_INIZIO,CF_TURNO)
VALUES
(TIMESTAMP '2021-05-01 06:00:00','NDGVFN27T03L074Q');

INSERT INTO TURNO
(DATA_INIZIO,CF_TURNO)
VALUES
(TIMESTAMP '2021-05-02 06:00:00','NDGVFN27T03L074Q');

INSERT INTO TURNO
(DATA_INIZIO,CF_TURNO)
VALUES
(TIMESTAMP '2021-05-01 06:00:00','TSFSXP54P68F006N');

INSERT INTO TURNO
(DATA_INIZIO,CF_TURNO)
VALUES
(TIMESTAMP '2021-05-02 06:00:00','TSFSXP54P68F006N');

INSERT INTO TURNO
(DATA_INIZIO,CF_TURNO)
VALUES
(TIMESTAMP '2021-05-01 06:00:00','MKNNND55S22I479K');

INSERT INTO TURNO
(DATA_INIZIO,CF_TURNO)
VALUES
(TIMESTAMP '2021-05-02 06:00:00','MKNNND55S22I479K');

INSERT INTO TURNO
(DATA_INIZIO,CF_TURNO)
VALUES
(TIMESTAMP '2021-05-01 06:00:00','CGMGTW53M47L749X');

INSERT INTO TURNO
(DATA_INIZIO,CF_TURNO)
VALUES
(TIMESTAMP '2021-05-02 06:00:00','CGMGTW53M47L749X');

INSERT INTO TURNO
(DATA_INIZIO,CF_TURNO)
VALUES
(TIMESTAMP '2021-05-01 06:00:00','MVBDDS65P67G155H');

INSERT INTO TURNO
(DATA_INIZIO,CF_TURNO)
VALUES
(TIMESTAMP '2021-05-02 06:00:00','MVBDDS65P67G155H');

INSERT INTO TURNO
(DATA_INIZIO,CF_TURNO)
VALUES
(TIMESTAMP '2021-05-01 06:00:00','HHPQRT80A25I389T');

INSERT INTO TURNO
(DATA_INIZIO,CF_TURNO)
VALUES
(TIMESTAMP '2021-05-02 06:00:00','HHPQRT80A25I389T');

INSERT INTO TURNO
(DATA_INIZIO,CF_TURNO)
VALUES
(TIMESTAMP '2021-05-01 06:00:00','GCCTTP93D22I997H');

INSERT INTO TURNO
(DATA_INIZIO,CF_TURNO)
VALUES
(TIMESTAMP '2021-05-02 06:00:00','GCCTTP93D22I997H');

INSERT INTO TURNO
(DATA_INIZIO,CF_TURNO)
VALUES
(TIMESTAMP '2021-05-01 06:00:00','TCSFVR83M03I832M');

INSERT INTO TURNO
(DATA_INIZIO,CF_TURNO)
VALUES
(TIMESTAMP '2021-05-02 06:00:00','TCSFVR83M03I832M');

INSERT INTO TURNO
(DATA_INIZIO,CF_TURNO)
VALUES
(TIMESTAMP '2021-05-01 06:00:00','DNGJVR42R06F085C');

INSERT INTO TURNO
(DATA_INIZIO,CF_TURNO)
VALUES
(TIMESTAMP '2021-05-02 06:00:00','DNGJVR42R06F085C');





INSERT INTO FORNITORE
(PARTITA_IVA,PROVENIENZA,COMPAGNIA)
VALUES
('11111111111','NAPOLI,ITALIA','L ALBERGO');

INSERT INTO FORNITORE
(PARTITA_IVA,PROVENIENZA,COMPAGNIA)
VALUES
('11111122222','ROMA,ITALIA','SPIAZE');

INSERT INTO FORNITORE
(PARTITA_IVA,PROVENIENZA,COMPAGNIA)
VALUES
('22222222222','TORINO,ITALIA','IL GABBIONE');

INSERT INTO FORNITORE
(PARTITA_IVA,PROVENIENZA,COMPAGNIA)
VALUES
('22222233333','NAPOLI,ITALIA','O TIRAGGIR');

INSERT INTO FORNITORE
(PARTITA_IVA,PROVENIENZA,COMPAGNIA)
VALUES
('33333333333','BARI,ITALIA','FANTANTONIO');

INSERT INTO FORNITORE
(PARTITA_IVA,PROVENIENZA,COMPAGNIA)
VALUES
('33333344444','VENEZIA,ITALIA','GIANELLO');

INSERT INTO FORNITORE
(PARTITA_IVA,PROVENIENZA,COMPAGNIA)
VALUES
('44444444444','LISBONA,PORTOGALLO','SPECIAL ONE');

INSERT INTO FORNITORE
(PARTITA_IVA,PROVENIENZA,COMPAGNIA)
VALUES
('44444455555','CARDIFF,GALLES','ASENSIO');

INSERT INTO FORNITORE
(PARTITA_IVA,PROVENIENZA,COMPAGNIA)
VALUES
('55555555555','BARCELLONA,SPAGNA','COCUMELLA');

INSERT INTO FORNITORE
(PARTITA_IVA,PROVENIENZA,COMPAGNIA)
VALUES
('55555566666','NAPOLI,ITALIA','ARCIERE AZZURRO');

INSERT INTO FORNITORE
(PARTITA_IVA,PROVENIENZA,COMPAGNIA)
VALUES
('66666666666','BUENOS AIRES,ARGENTINA','EL TANQUE');


INSERT INTO FORNITORE
(PARTITA_IVA,PROVENIENZA,COMPAGNIA)
VALUES
('66666677777','MILANO,ITALIA','PETTO NETTO');

INSERT INTO FORNITORE
(PARTITA_IVA,PROVENIENZA,COMPAGNIA)
VALUES
('77777777777','PESCARA,ITALIA','SAPORI DI ADRIATICO');

INSERT INTO FORNITORE
(PARTITA_IVA,PROVENIENZA,COMPAGNIA)
VALUES
('77777788888','CROTONE,ITALIA','IL PIZZETTO');

INSERT INTO FORNITORE
(PARTITA_IVA,PROVENIENZA,COMPAGNIA)
VALUES
('88888888888','SANGINETO,ITALIA','TIZIO E CAIO');






INSERT INTO FORNITURA
(NUMERO_FATTURA,QUANTITA,COSTO,CF_ORDINANTE,PI_FORNITORE,DATA_ORDINE,DATA_CONSEGNA)
VALUES
('0001',50,300,'AAAAAAAAAAAAAAAA','11111111111',DATE '2021-05-02',DATE '2021-05-04');

INSERT INTO FORNITURA
(NUMERO_FATTURA,QUANTITA,COSTO,CF_ORDINANTE,PI_FORNITORE,DATA_ORDINE,DATA_CONSEGNA)
VALUES
('0002',70,340,'AAAAAAAAAAAAAAAA','11111122222',DATE '2021-05-02',DATE '2021-05-05');

INSERT INTO FORNITURA
(NUMERO_FATTURA,QUANTITA,COSTO,CF_ORDINANTE,PI_FORNITORE,DATA_ORDINE,DATA_CONSEGNA)
VALUES
('0003',40,380,'AAAAAAAAAAAAAAAA','11111122222',DATE '2021-05-06',DATE '2021-05-08');

INSERT INTO FORNITURA
(NUMERO_FATTURA,QUANTITA,COSTO,CF_ORDINANTE,PI_FORNITORE,DATA_ORDINE,DATA_CONSEGNA)
VALUES
('0004',20,100,'AAAAAAAAAAAAAAAA','22222222222',DATE '2021-05-09',DATE '2021-05-10');

INSERT INTO FORNITURA
(NUMERO_FATTURA,QUANTITA,COSTO,CF_ORDINANTE,PI_FORNITORE,DATA_ORDINE,DATA_CONSEGNA)
VALUES
('0005',100,620,'AAAAAAAAAAAAAAAA','22222233333',DATE '2021-05-11',DATE '2021-05-14');

INSERT INTO FORNITURA
(NUMERO_FATTURA,QUANTITA,COSTO,CF_ORDINANTE,PI_FORNITORE,DATA_ORDINE,DATA_CONSEGNA)
VALUES
('0006',60,380,'BBBBBBBBBBBBBBBB','33333333333',DATE '2021-05-04',DATE '2021-05-06');

INSERT INTO FORNITURA
(NUMERO_FATTURA,QUANTITA,COSTO,CF_ORDINANTE,PI_FORNITORE,DATA_ORDINE,DATA_CONSEGNA)
VALUES
('0007',15,150,'BBBBBBBBBBBBBBBB','33333344444',DATE '2021-05-14',DATE '2021-05-16');

INSERT INTO FORNITURA
(NUMERO_FATTURA,QUANTITA,COSTO,CF_ORDINANTE,PI_FORNITORE,DATA_ORDINE,DATA_CONSEGNA)
VALUES
('0008',30,120,'BBBBBBBBBBBBBBBB','44444444444',DATE '2021-05-15',DATE '2021-05-18');

INSERT INTO FORNITURA
(NUMERO_FATTURA,QUANTITA,COSTO,CF_ORDINANTE,PI_FORNITORE,DATA_ORDINE,DATA_CONSEGNA)
VALUES
('0009',40,180,'BBBBBBBBBBBBBBBB','44444455555',DATE '2021-05-14',DATE '2021-05-19');

INSERT INTO FORNITURA
(NUMERO_FATTURA,QUANTITA,COSTO,CF_ORDINANTE,PI_FORNITORE,DATA_ORDINE,DATA_CONSEGNA)
VALUES
('0010',60,360,'BBBBBBBBBBBBBBBB','55555555555',DATE '2021-05-22',DATE '2021-05-24');

INSERT INTO FORNITURA
(NUMERO_FATTURA,QUANTITA,COSTO,CF_ORDINANTE,PI_FORNITORE,DATA_ORDINE,DATA_CONSEGNA)
VALUES
('0011',23,230,'CCCCCCCCCCCCCCCC','55555566666',DATE '2021-05-14',DATE '2021-05-16');

INSERT INTO FORNITURA
(NUMERO_FATTURA,QUANTITA,COSTO,CF_ORDINANTE,PI_FORNITORE,DATA_ORDINE,DATA_CONSEGNA)
VALUES
('0012',25,100,'CCCCCCCCCCCCCCCC','66666666666',DATE '2021-05-19',DATE '2021-05-21');

INSERT INTO FORNITURA
(NUMERO_FATTURA,QUANTITA,COSTO,CF_ORDINANTE,PI_FORNITORE,DATA_ORDINE,DATA_CONSEGNA)
VALUES
('0013',10,1000,'CCCCCCCCCCCCCCCC','66666677777',DATE '2021-05-15',DATE '2021-05-25');

INSERT INTO FORNITURA
(NUMERO_FATTURA,QUANTITA,COSTO,CF_ORDINANTE,PI_FORNITORE,DATA_ORDINE,DATA_CONSEGNA)
VALUES
('0014',10,1000,'CCCCCCCCCCCCCCCC','77777777777',DATE '2021-05-28',DATE '2021-06-01');

INSERT INTO FORNITURA
(NUMERO_FATTURA,QUANTITA,COSTO,CF_ORDINANTE,PI_FORNITORE,DATA_ORDINE,DATA_CONSEGNA)
VALUES
('0015',20,75,'CCCCCCCCCCCCCCCC','77777777777',DATE '2021-05-18',DATE '2021-05-23');









INSERT INTO INVENTARIO
(ID_LOTTO,ALLEVAMENTO,QUANTITA_INV,SPECIE,INDICE_FRESCHEZZA,NOME_LUOGO,COSTO_VENDITA,DATA_PESCA)
VALUES
('CIFA9KRBJM',1,30,'SPIGOLA','E','GAETA,ITALIA',15,DATE '2021-04-30');

INSERT INTO INVENTARIO
(ID_LOTTO,ALLEVAMENTO,QUANTITA_INV,SPECIE,INDICE_FRESCHEZZA,NOME_LUOGO,COSTO_VENDITA,DATA_PESCA)
VALUES
('SHPE5XLNCE',0,45,'ORATA','D','MEDITERRANEO,ITALIA',28,DATE '2021-05-01');

INSERT INTO INVENTARIO
(ID_LOTTO,ALLEVAMENTO,QUANTITA_INV,SPECIE,INDICE_FRESCHEZZA,NOME_LUOGO,COSTO_VENDITA,DATA_PESCA)
VALUES
('I5ULEIXW0S',1,40,'CALAMARI','B','ADRIATICO,ITALIA',26,DATE '2021-05-01');

INSERT INTO INVENTARIO
(ID_LOTTO,ALLEVAMENTO,QUANTITA_INV,SPECIE,INDICE_FRESCHEZZA,NOME_LUOGO,COSTO_VENDITA,DATA_PESCA)
VALUES
('SW8OA81ZFN',1,25,'PEZZOGNA','F','GRECIA',30,DATE '2021-05-02');


INSERT INTO INVENTARIO
(ID_LOTTO,ALLEVAMENTO,QUANTITA_INV,SPECIE,INDICE_FRESCHEZZA,NOME_LUOGO,COSTO_VENDITA,DATA_PESCA)
VALUES
('YUOH88BO4H',0,50,'COZZE','A','NAPOLI,ITALIA',5,DATE '2021-05-01');

INSERT INTO INVENTARIO
(ID_LOTTO,ALLEVAMENTO,QUANTITA_INV,SPECIE,INDICE_FRESCHEZZA,NOME_LUOGO,COSTO_VENDITA,DATA_PESCA)
VALUES
('BPQ96ZF0N3',1,100,'LUPINI GRANDI','A','NAPOLI,ITALIA',15,DATE '2021-05-01');

INSERT INTO INVENTARIO
(ID_LOTTO,ALLEVAMENTO,QUANTITA_INV,SPECIE,INDICE_FRESCHEZZA,NOME_LUOGO,COSTO_VENDITA,DATA_PESCA)
VALUES
('0MEI17H04P',0,80,'POLPO','B','PROCIDA,ITALIA',22,DATE '2021-05-01');


INSERT INTO INVENTARIO
(ID_LOTTO,ALLEVAMENTO,QUANTITA_INV,SPECIE,INDICE_FRESCHEZZA,NOME_LUOGO,COSTO_VENDITA,DATA_PESCA)
VALUES
('6M64UAIPI2',1,100,'MOSCARDINO','B','PROCIDA,ITALIA',45,DATE '2021-05-01');

INSERT INTO INVENTARIO
(ID_LOTTO,ALLEVAMENTO,QUANTITA_INV,SPECIE,INDICE_FRESCHEZZA,NOME_LUOGO,COSTO_VENDITA,DATA_PESCA)
VALUES
('0364NJ9XQR',1,100,'GAMBERO BIANCO','A','NAPOLI,ITALIA',22,DATE '2021-05-01');

INSERT INTO INVENTARIO
(ID_LOTTO,ALLEVAMENTO,QUANTITA_INV,SPECIE,INDICE_FRESCHEZZA,NOME_LUOGO,COSTO_VENDITA,DATA_PESCA)
VALUES
('USP7HV7V0W',0,100,'GAMBERO ROSSO','A','PROCIDA,ITALIA',60,DATE '2021-05-01');

INSERT INTO INVENTARIO
(ID_LOTTO,ALLEVAMENTO,QUANTITA_INV,SPECIE,INDICE_FRESCHEZZA,NOME_LUOGO,COSTO_VENDITA,DATA_PESCA)
VALUES
('K6OB3CRSAB',0,150,'MERLUZZO','B','MAR TIRRENO,ITALIA',20,DATE '2021-05-01');

INSERT INTO INVENTARIO
(ID_LOTTO,ALLEVAMENTO,QUANTITA_INV,SPECIE,INDICE_FRESCHEZZA,NOME_LUOGO,COSTO_VENDITA,DATA_PESCA)
VALUES
('NEGWIAQ3Q1',1,100,'SALMONE','B','GAETA,ITALIA',15,DATE '2021-05-01');


INSERT INTO INVENTARIO
(ID_LOTTO,ALLEVAMENTO,QUANTITA_INV,SPECIE,INDICE_FRESCHEZZA,NOME_LUOGO,COSTO_VENDITA,DATA_PESCA)
VALUES
('YDR3MTQF3F',1,100,'PESCE SPADA','C','MEDITERRANEO,ITALIA',32,DATE '2021-05-01');

INSERT INTO INVENTARIO
(ID_LOTTO,ALLEVAMENTO,QUANTITA_INV,SPECIE,INDICE_FRESCHEZZA,NOME_LUOGO,COSTO_VENDITA,DATA_PESCA)
VALUES
('5RRXVS8LBB',1,100,'SOGLIOLA','E','MEDITERRANEO,ITALIA',30,DATE '2021-05-01');

INSERT INTO INVENTARIO
(ID_LOTTO,ALLEVAMENTO,QUANTITA_INV,SPECIE,INDICE_FRESCHEZZA,NOME_LUOGO,COSTO_VENDITA,DATA_PESCA)
VALUES
('SI0P0GAI9F',1,100,'ARAGOSTA','B',' NOVA SCOTIA,CANADA',100,DATE '2021-05-01');




INSERT INTO FORNISCE
(N_FATTURA,IDLOTTO)
VALUES
('0001','CIFA9KRBJM');


INSERT INTO FORNISCE
(N_FATTURA,IDLOTTO)
VALUES
('0002','SHPE5XLNCE');

INSERT INTO FORNISCE
(N_FATTURA,IDLOTTO)
VALUES
('0003','I5ULEIXW0S');

INSERT INTO FORNISCE
(N_FATTURA,IDLOTTO)
VALUES
('0004','SW8OA81ZFN');

INSERT INTO FORNISCE
(N_FATTURA,IDLOTTO)
VALUES
('0005','YUOH88BO4H');

INSERT INTO FORNISCE
(N_FATTURA,IDLOTTO)
VALUES
('0006','BPQ96ZF0N3');

INSERT INTO FORNISCE
(N_FATTURA,IDLOTTO)
VALUES
('0007','0MEI17H04P');


INSERT INTO FORNISCE
(N_FATTURA,IDLOTTO)
VALUES
('0008','6M64UAIPI2');


INSERT INTO FORNISCE
(N_FATTURA,IDLOTTO)
VALUES
('0009','0364NJ9XQR');


INSERT INTO FORNISCE
(N_FATTURA,IDLOTTO)
VALUES
('0010','USP7HV7V0W');


INSERT INTO FORNISCE
(N_FATTURA,IDLOTTO)
VALUES
('0011','K6OB3CRSAB');






INSERT INTO CLIENTE
(CF,TELEFONO,NOME,COGNOME,NASCITA1,VIA,CAP,CITTA)
VALUES
('JZBMWM91A21C649D','0871111111','FRANCESCO','ZIBALDO',DATE '1998-05-06','VIA HAHAHAHAHA','80015','CASORIA');

INSERT INTO CLIENTE
(CF,TELEFONO,NOME,COGNOME,NASCITA1,VIA,CAP,CITTA)
VALUES
('RRRPXJ48D15B243H','0817111112','ILARIA','SCUOTTO',DATE '2000-07-30','VIA GIANFRANCO','80015','CASORIA');

INSERT INTO CLIENTE
(CF,TELEFONO,NOME,COGNOME,NASCITA1,VIA,CAP,CITTA)
VALUES
('NSPBDD77A10Z350N','0817111113','CHIARA','CRISCUOLO',DATE '1999-09-07','VIA DUBBI','80017','MELITO');


INSERT INTO CLIENTE
(CF,TELEFONO,NOME,COGNOME,NASCITA1,VIA,CAP,CITTA)
VALUES
('CQPFLI61C03F774D','0817111114','LUIGI','MALVONE',DATE '2000-11-07','VIA FRA','80014','GIUGLIANO');

INSERT INTO CLIENTE
(CF,TELEFONO,NOME,COGNOME,NASCITA1,VIA,CAP,CITTA)
VALUES
('THNCBG77T64F994Q','0817111115','DENNY','CARUSO',DATE '2000-05-07','VIA DIO','80021','AFRAGOLA');

INSERT INTO CLIENTE
(CF,TELEFONO,NOME,COGNOME,NASCITA1,VIA,CAP,CITTA)
VALUES
('ZVGHWN70B53E757R','0817111116','MARIANO','APONTE',DATE '2000-07-08','VIA CALCOLO','80021','AFRAGOLA');

INSERT INTO CLIENTE
(CF,TELEFONO,NOME,COGNOME,NASCITA1,VIA,CAP,CITTA)
VALUES
('LHBTLV65A31F581B','0817111117','VINCENZO','SCAMACCA',DATE '1998-10-11','VIA PARIOLI','80018','GIALLONE');

INSERT INTO CLIENTE
(CF,TELEFONO,NOME,COGNOME,NASCITA1,VIA,CAP,CITTA)
VALUES
('PBMYLO27A55F051C','0817111118','PEPPONE','IMPASTATO',DATE '1990-11-12','VIA GIANFRA','80019','QUALIANO');

INSERT INTO CLIENTE
(CF,TELEFONO,NOME,COGNOME,NASCITA1,VIA,CAP,CITTA)
VALUES
('CLBNRU47S55I217E','0817111119','CIRO','ESPOSITO',DATE '1991-11-12','PIAZZA ESPOSITO','80010','NAPOLI');


INSERT INTO CLIENTE
(CF,TELEFONO,NOME,COGNOME,NASCITA1,VIA,CAP,CITTA)
VALUES
('FNGTVG34R09C744S','0817111120','FRANCESCO','BORRELLI',DATE '1992-11-12','VIA GIANGI','80011','NAPOLI');


INSERT INTO CLIENTE
(CF,TELEFONO,NOME,COGNOME,NASCITA1,VIA,CAP,CITTA)
VALUES
('MBXBYD48C24E947V','0817111121','CIRO','PRIELLO',DATE '1993-09-12','VIA MARRONE','80017','MELITO');


INSERT INTO CLIENTE
(CF,TELEFONO,NOME,COGNOME,NASCITA1,VIA,CAP,CITTA)
VALUES
('VMKPJT62A42A821X','0817111122','GENNARO','ESPOSITO',DATE '1992-08-21','VIA PELLINO','80018','CASAVATORE');


INSERT INTO CLIENTE
(CF,TELEFONO,NOME,COGNOME,NASCITA1,VIA,CAP,CITTA)
VALUES
('XZAHGF80M41Z353H','0817111123','SABRINA','TORTORIELLO',DATE '2000-08-21','VIA TAVERNA','80018','CASAVATORE');

INSERT INTO CLIENTE
(CF,TELEFONO,NOME,COGNOME,NASCITA1,VIA,CAP,CITTA)
VALUES
('GKFVXY99P22A193I','0817111124','PINO','FIOCCO',DATE '2001-08-21','VIA BELLINI','80014','GIUGLIANO');

INSERT INTO CLIENTE
(CF,TELEFONO,NOME,COGNOME,NASCITA1,VIA,CAP,CITTA)
VALUES
('DPGNQT45R53G446N','0817111125','ANIELLO','DI CIPOLLA',DATE '2000-07-22','VIA MANGIARE','80021','ANELLONE');





INSERT INTO FORNISCE
(N_FATTURA,IDLOTTO)
VALUES
('0012','NEGWIAQ3Q1');

INSERT INTO FORNISCE
(N_FATTURA,IDLOTTO)
VALUES
('0013','YDR3MTQF3F');


INSERT INTO FORNISCE
(N_FATTURA,IDLOTTO)
VALUES
('0014','5RRXVS8LBB');


INSERT INTO FORNISCE
(N_FATTURA,IDLOTTO)
VALUES
('0015','SI0P0GAI9F');


INSERT INTO AGENZIA_RIDER (PARTITAIVA, NOME_AGENZIA, NUMERO_VERDE)
VALUES ('IUYL67DO4OD','UBER EATS', '800100100');

INSERT INTO AGENZIA_RIDER (PARTITAIVA, NOME_AGENZIA, NUMERO_VERDE)
VALUES ('IUYL67DO4OE','JUST EAT', '800100101');

INSERT INTO AGENZIA_RIDER (PARTITAIVA, NOME_AGENZIA, NUMERO_VERDE)
VALUES ('IUYL67DO4OF','ALFONSINO', '800100102');

INSERT INTO AGENZIA_RIDER (PARTITAIVA, NOME_AGENZIA, NUMERO_VERDE)
VALUES ('IUYL67DO4OG','PESCE COMPRA', '800130112');

INSERT INTO AGENZIA_RIDER (PARTITAIVA, NOME_AGENZIA, NUMERO_VERDE)
VALUES ('IUYL67DO4OH','GLOVO', '800100103');

INSERT INTO AGENZIA_RIDER (PARTITAIVA, NOME_AGENZIA, NUMERO_VERDE)
VALUES ('IUYL67DO4OI','MAREATS', '800100104');

INSERT INTO AGENZIA_RIDER (PARTITAIVA, NOME_AGENZIA, NUMERO_VERDE)
VALUES ('IUYL67DO4OJ','JUST FISH', '800100105');

INSERT INTO AGENZIA_RIDER (PARTITAIVA, NOME_AGENZIA, NUMERO_VERDE)
VALUES ('IUYL67DO4OK','UBER FISH', '800100106');

INSERT INTO AGENZIA_RIDER (PARTITAIVA, NOME_AGENZIA, NUMERO_VERDE)
VALUES ('IUYL67DO4OL','GLOVO FISH', '800100107');

INSERT INTO AGENZIA_RIDER (PARTITAIVA, NOME_AGENZIA, NUMERO_VERDE)
VALUES ('IUYL67DO4OM','ANGEL FISH', '800100108');

INSERT INTO AGENZIA_RIDER (PARTITAIVA, NOME_AGENZIA, NUMERO_VERDE)
VALUES ('IUYL67DO4ON','GEN FISH', '800100109');

INSERT INTO AGENZIA_RIDER (PARTITAIVA, NOME_AGENZIA, NUMERO_VERDE)
VALUES ('IUYL67DO4OO','NIL FISH', '800100110');

INSERT INTO AGENZIA_RIDER (PARTITAIVA, NOME_AGENZIA, NUMERO_VERDE)
VALUES ('IUYL67DO4OP','AHAH FISH', '800100111');

INSERT INTO AGENZIA_RIDER (PARTITAIVA, NOME_AGENZIA, NUMERO_VERDE)
VALUES ('IUYL67DO4OQ','SELFISH', '800100112');

INSERT INTO AGENZIA_RIDER (PARTITAIVA, NOME_AGENZIA, NUMERO_VERDE)
VALUES ('IUYL67DO4OR','BREAK FISH', '800100113');

INSERT INTO AGENZIA_RIDER (PARTITAIVA, NOME_AGENZIA, NUMERO_VERDE)
VALUES ('IUYL67DO4OS','ZIB FISH', '800100114');


INSERT INTO PROMOZIONE (CODICE_PROMO, NOME_PROMO, PERCENTUALE_PROMO, DATA_INIZIO, DATA_FINE)
VALUES ('SX14CK', 'FISH1',1, DATE '2021-05-01', DATE '2021-05-02');

INSERT INTO PROMOZIONE (CODICE_PROMO, NOME_PROMO, PERCENTUALE_PROMO, DATA_INIZIO, DATA_FINE)
VALUES ('SX14C1', 'FISH2',2, DATE '2021-05-03', DATE '2021-05-04');

INSERT INTO PROMOZIONE (CODICE_PROMO, NOME_PROMO, PERCENTUALE_PROMO, DATA_INIZIO, DATA_FINE)
VALUES ('SX14C2', 'FISH3',3, DATE '2021-05-05', DATE '2021-05-06');

INSERT INTO PROMOZIONE (CODICE_PROMO, NOME_PROMO, PERCENTUALE_PROMO, DATA_INIZIO, DATA_FINE)
VALUES ('SX14C3', 'FISH4',4, DATE '2021-05-07', DATE '2021-05-08');

INSERT INTO PROMOZIONE (CODICE_PROMO, NOME_PROMO,PERCENTUALE_PROMO, DATA_INIZIO, DATA_FINE)
VALUES ('SX14C4', 'FISH5',5, DATE '2021-05-09', DATE '2021-05-10');

INSERT INTO PROMOZIONE (CODICE_PROMO, NOME_PROMO,PERCENTUALE_PROMO, DATA_INIZIO, DATA_FINE)
VALUES ('SX14C5', 'FISH6',6, DATE '2021-05-11', DATE '2021-05-12');

INSERT INTO PROMOZIONE (CODICE_PROMO, NOME_PROMO,PERCENTUALE_PROMO, DATA_INIZIO, DATA_FINE)
VALUES ('SX14C6', 'FISH7',7, DATE '2021-05-12', DATE '2021-05-13');

INSERT INTO PROMOZIONE (CODICE_PROMO, NOME_PROMO,PERCENTUALE_PROMO, DATA_INIZIO, DATA_FINE)
VALUES ('SX14C7', 'FISH8',8, DATE '2021-05-14', DATE '2021-05-15');

INSERT INTO PROMOZIONE (CODICE_PROMO, NOME_PROMO,PERCENTUALE_PROMO, DATA_INIZIO, DATA_FINE)
VALUES ('SX14C8', 'FISH9',9, DATE '2021-05-16', DATE '2021-05-17');

INSERT INTO PROMOZIONE (CODICE_PROMO, NOME_PROMO,PERCENTUALE_PROMO, DATA_INIZIO, DATA_FINE)
VALUES ('SX14C9', 'FISH10',10, DATE '2021-05-18', DATE '2021-05-19');

INSERT INTO PROMOZIONE (CODICE_PROMO, NOME_PROMO,PERCENTUALE_PROMO, DATA_INIZIO, DATA_FINE)
VALUES ('SX1410', 'FISH11',11, DATE '2021-05-20', DATE '2021-05-21');

INSERT INTO PROMOZIONE (CODICE_PROMO, NOME_PROMO,PERCENTUALE_PROMO, DATA_INIZIO, DATA_FINE)
VALUES ('SX1411', 'FISH12',12, DATE '2021-05-22', DATE '2021-05-23');

INSERT INTO PROMOZIONE (CODICE_PROMO, NOME_PROMO,PERCENTUALE_PROMO, DATA_INIZIO, DATA_FINE)
VALUES ('SX1412', 'FISH13',13, DATE '2021-05-24', DATE '2021-05-25');

INSERT INTO PROMOZIONE (CODICE_PROMO, NOME_PROMO,PERCENTUALE_PROMO, DATA_INIZIO, DATA_FINE)
VALUES ('SX1413', 'FISH14',14, DATE '2021-05-26', DATE '2021-05-27');

INSERT INTO PROMOZIONE (CODICE_PROMO, NOME_PROMO,PERCENTUALE_PROMO, DATA_INIZIO, DATA_FINE)
VALUES ('SX1414', 'FISH15',15, DATE '2021-05-28', DATE '2021-05-29');

INSERT INTO CARTA_FEDELTA (ID_CARTA,CF_POSSESSORE) 
VALUES ('855362819722100','JZBMWM91A21C649D');

INSERT INTO CARTA_FEDELTA (ID_CARTA,CF_POSSESSORE)
VALUES ('855362819722101','RRRPXJ48D15B243H');

INSERT INTO CARTA_FEDELTA (ID_CARTA,CF_POSSESSORE) 
VALUES ('855362819722102','NSPBDD77A10Z350N');

INSERT INTO CARTA_FEDELTA (ID_CARTA,CF_POSSESSORE) 
VALUES ('855362819722103','CQPFLI61C03F774D');

INSERT INTO CARTA_FEDELTA (ID_CARTA,CF_POSSESSORE) 
VALUES ('855362819722104','THNCBG77T64F994Q');

INSERT INTO CARTA_FEDELTA (ID_CARTA,CF_POSSESSORE) 
VALUES ('855362819722105','ZVGHWN70B53E757R');

INSERT INTO CARTA_FEDELTA (ID_CARTA,CF_POSSESSORE)
VALUES ('855362819722106','LHBTLV65A31F581B');

INSERT INTO CARTA_FEDELTA (ID_CARTA,CF_POSSESSORE) 
VALUES ('855362819722107','PBMYLO27A55F051C');

INSERT INTO CARTA_FEDELTA (ID_CARTA,CF_POSSESSORE) 
VALUES ('855362819722108','CLBNRU47S55I217E');

INSERT INTO CARTA_FEDELTA (ID_CARTA,CF_POSSESSORE) 
VALUES ('855362819722109','FNGTVG34R09C744S');

INSERT INTO CARTA_FEDELTA (ID_CARTA,CF_POSSESSORE) 
VALUES ('855362819722110','MBXBYD48C24E947V');

INSERT INTO CARTA_FEDELTA (ID_CARTA,CF_POSSESSORE)
VALUES ('855362819722111','VMKPJT62A42A821X');

INSERT INTO CARTA_FEDELTA (ID_CARTA,CF_POSSESSORE)
VALUES ('855362819722112','XZAHGF80M41Z353H');

INSERT INTO CARTA_FEDELTA (ID_CARTA,CF_POSSESSORE)
VALUES ('855362819722113','GKFVXY99P22A193I');

INSERT INTO CARTA_FEDELTA (ID_CARTA,CF_POSSESSORE) 
VALUES ('855362819722114','DPGNQT45R53G446N');

INSERT INTO ACQUISTO (SCONTRINO, DATA_ACQUISTO, IDCARTA, ID_PROMOZIONE)
VALUES ('KKMQFE6RHHABP00', DATE '2021-05-01', '855362819722100', 'SX14CK');

INSERT INTO ACQUISTO (SCONTRINO, DATA_ACQUISTO, IDCARTA, ID_PROMOZIONE)
VALUES ('KKMQFE6RHHABP01', DATE '2021-05-02', '855362819722101', 'SX14C1');

INSERT INTO ACQUISTO (SCONTRINO, DATA_ACQUISTO, IDCARTA, ID_PROMOZIONE)
VALUES ('KKMQFE6RHHABP02', DATE '2021-05-03', '855362819722102', 'SX14C2');

INSERT INTO ACQUISTO (SCONTRINO, DATA_ACQUISTO, IDCARTA, ID_PROMOZIONE)
VALUES ('KKMQFE6RHHABP03', DATE '2021-05-04', '855362819722103', 'SX14C3');

INSERT INTO ACQUISTO (SCONTRINO, DATA_ACQUISTO, IDCARTA, ID_PROMOZIONE)
VALUES ('KKMQFE6RHHABP04', DATE '2021-05-05', '855362819722104', 'SX14C4');

INSERT INTO ACQUISTO (SCONTRINO, DATA_ACQUISTO, IDCARTA, ID_PROMOZIONE)
VALUES ('KKMQFE6RHHABP05', DATE '2021-05-06', '855362819722105', 'SX14C5');

INSERT INTO ACQUISTO (SCONTRINO, DATA_ACQUISTO, IDCARTA, ID_PROMOZIONE)
VALUES ('KKMQFE6RHHABP06', DATE '2021-05-07', '855362819722106', 'SX14C6');

INSERT INTO ACQUISTO (SCONTRINO, DATA_ACQUISTO, IDCARTA, ID_PROMOZIONE)
VALUES ('KKMQFE6RHHABP07', DATE '2021-05-08', '855362819722107', 'SX14C7');

INSERT INTO ACQUISTO (SCONTRINO, DATA_ACQUISTO, IDCARTA, ID_PROMOZIONE)
VALUES ('KKMQFE6RHHABP08', DATE '2021-05-09', '855362819722108', 'SX14C8');

INSERT INTO ACQUISTO (SCONTRINO, DATA_ACQUISTO, IDCARTA, ID_PROMOZIONE)
VALUES ('KKMQFE6RHHABP09', DATE '2021-05-10', '855362819722109', 'SX14C9');

INSERT INTO ACQUISTO (SCONTRINO, DATA_ACQUISTO, IDCARTA, ID_PROMOZIONE)
VALUES ('KKMQFE6RHHABP10', DATE '2021-05-11', '855362819722110', 'SX1410');

INSERT INTO ACQUISTO (SCONTRINO, DATA_ACQUISTO, IDCARTA, ID_PROMOZIONE)
VALUES ('KKMQFE6RHHABP11', DATE '2021-05-13', '855362819722111', 'SX1411');

INSERT INTO ACQUISTO (SCONTRINO, DATA_ACQUISTO, IDCARTA, ID_PROMOZIONE)
VALUES ('KKMQFE6RHHABP12', DATE '2021-05-14', '855362819722112', 'SX1412');

INSERT INTO ACQUISTO (SCONTRINO, DATA_ACQUISTO, IDCARTA, ID_PROMOZIONE)
VALUES ('KKMQFE6RHHABP13', DATE '2021-05-15', '855362819722113', 'SX1413');

INSERT INTO ACQUISTO (SCONTRINO, DATA_ACQUISTO, IDCARTA, ID_PROMOZIONE)
VALUES ('KKMQFE6RHHABP14', DATE '2021-05-16', '855362819722114', 'SX1414');



INSERT INTO DIVENTA(IDL, COD_SCONTRINO, QUANTITA)
VALUES ('CIFA9KRBJM', 'KKMQFE6RHHABP00', 20);

INSERT INTO DIVENTA(IDL, COD_SCONTRINO, QUANTITA)
VALUES ('SHPE5XLNCE', 'KKMQFE6RHHABP01', 30);

INSERT INTO DIVENTA(IDL, COD_SCONTRINO, QUANTITA)
VALUES ('I5ULEIXW0S', 'KKMQFE6RHHABP02', 40);

INSERT INTO DIVENTA(IDL, COD_SCONTRINO, QUANTITA)
VALUES ('SW8OA81ZFN', 'KKMQFE6RHHABP03', 50);

INSERT INTO DIVENTA(IDL, COD_SCONTRINO, QUANTITA)
VALUES ('YUOH88BO4H', 'KKMQFE6RHHABP04', 60);

INSERT INTO DIVENTA(IDL, COD_SCONTRINO, QUANTITA)
VALUES ('BPQ96ZF0N3', 'KKMQFE6RHHABP05', 70);

INSERT INTO DIVENTA(IDL, COD_SCONTRINO, QUANTITA)
VALUES ('0MEI17H04P', 'KKMQFE6RHHABP06', 10);

INSERT INTO DIVENTA(IDL, COD_SCONTRINO, QUANTITA)
VALUES ('6M64UAIPI2', 'KKMQFE6RHHABP07', 30);

INSERT INTO DIVENTA(IDL, COD_SCONTRINO, QUANTITA)
VALUES ('0364NJ9XQR', 'KKMQFE6RHHABP08', 60);

INSERT INTO DIVENTA(IDL, COD_SCONTRINO, QUANTITA)
VALUES ('USP7HV7V0W', 'KKMQFE6RHHABP09', 80);

INSERT INTO DIVENTA(IDL, COD_SCONTRINO, QUANTITA)
VALUES ('K6OB3CRSAB', 'KKMQFE6RHHABP10', 90);

INSERT INTO DIVENTA(IDL, COD_SCONTRINO, QUANTITA)
VALUES ('NEGWIAQ3Q1', 'KKMQFE6RHHABP11', 30);

INSERT INTO DIVENTA(IDL, COD_SCONTRINO, QUANTITA)
VALUES ('YDR3MTQF3F', 'KKMQFE6RHHABP12', 10);

INSERT INTO DIVENTA(IDL, COD_SCONTRINO, QUANTITA)
VALUES ('5RRXVS8LBB', 'KKMQFE6RHHABP13', 50);

INSERT INTO DIVENTA(IDL, COD_SCONTRINO, QUANTITA)
VALUES ('SI0P0GAI9F', 'KKMQFE6RHHABP14', 90);




INSERT INTO RIDER(ID_RIDER, NOME_RID, COGNOME_RID, NASCITA_RIDER, PI_AGENZIA)
VALUES ('ABCDEFGHIJKL00', 'MARCELLO', 'BELLO', DATE '1990-07-02', 'IUYL67DO4OD');

INSERT INTO RIDER(ID_RIDER, NOME_RID, COGNOME_RID, NASCITA_RIDER, PI_AGENZIA)
VALUES ('ABCDEFGHIJKL01', 'ANTONIO', 'BIANCHI', DATE '1996-05-07', 'IUYL67DO4OE');

INSERT INTO RIDER(ID_RIDER, NOME_RID, COGNOME_RID, NASCITA_RIDER, PI_AGENZIA)
VALUES ('ABCDEFGHIJKL02', 'BERNARDA', 'ROSSI', DATE '1999-06-04', 'IUYL67DO4OF');

INSERT INTO RIDER(ID_RIDER, NOME_RID, COGNOME_RID, NASCITA_RIDER, PI_AGENZIA)
VALUES ('ABCDEFGHIJKL03', 'CAMILLA', 'VERDI', DATE '1998-08-12', 'IUYL67DO4OG');

INSERT INTO RIDER(ID_RIDER, NOME_RID, COGNOME_RID, NASCITA_RIDER, PI_AGENZIA)
VALUES ('ABCDEFGHIJKL04', 'VINCENZO', 'MOCERINO', DATE '1997-09-22', 'IUYL67DO4OH');

INSERT INTO RIDER(ID_RIDER, NOME_RID, COGNOME_RID, NASCITA_RIDER, PI_AGENZIA)
VALUES ('ABCDEFGHIJKL05', 'LUIGIA', 'NERVI', DATE '1996-10-20', 'IUYL67DO4OI');

INSERT INTO RIDER(ID_RIDER, NOME_RID, COGNOME_RID, NASCITA_RIDER, PI_AGENZIA)
VALUES ('ABCDEFGHIJKL06', 'ELVIRA', 'ESPOSITO', DATE '1995-11-19', 'IUYL67DO4OJ');

INSERT INTO RIDER(ID_RIDER, NOME_RID, COGNOME_RID, NASCITA_RIDER, PI_AGENZIA)
VALUES ('ABCDEFGHIJKL07', 'ERNESTO', 'SPARALESTO', DATE '2000-07-01', 'IUYL67DO4OK');

INSERT INTO RIDER(ID_RIDER, NOME_RID, COGNOME_RID, NASCITA_RIDER, PI_AGENZIA)
VALUES ('ABCDEFGHIJKL08', 'MARCO', 'ALESSIO', DATE '1999-01-11', 'IUYL67DO4OL');

INSERT INTO RIDER(ID_RIDER, NOME_RID, COGNOME_RID, NASCITA_RIDER, PI_AGENZIA)
VALUES ('ABCDEFGHIJKL09', 'STEFANO', 'DE MICCO', DATE '1998-02-12', 'IUYL67DO4OM');

INSERT INTO RIDER(ID_RIDER, NOME_RID, COGNOME_RID, NASCITA_RIDER, PI_AGENZIA)
VALUES ('ABCDEFGHIJKL10', 'ADRIANO', 'BISONTE', DATE '1997-03-23', 'IUYL67DO4ON');

INSERT INTO RIDER(ID_RIDER, NOME_RID, COGNOME_RID, NASCITA_RIDER, PI_AGENZIA)
VALUES ('ABCDEFGHIJKL11', 'ORLANDO', 'FURIOSO', DATE '1996-04-30', 'IUYL67DO4OO');

INSERT INTO RIDER(ID_RIDER, NOME_RID, COGNOME_RID, NASCITA_RIDER, PI_AGENZIA)
VALUES ('ABCDEFGHIJKL12', 'ERICA', 'FORMICOLA', DATE '1995-05-28', 'IUYL67DO4OP');

INSERT INTO RIDER(ID_RIDER, NOME_RID, COGNOME_RID, NASCITA_RIDER, PI_AGENZIA)
VALUES ('ABCDEFGHIJKL13', 'ERMETE', 'BONAZZI', DATE '1994-06-12', 'IUYL67DO4OQ');

INSERT INTO RIDER(ID_RIDER, NOME_RID, COGNOME_RID, NASCITA_RIDER, PI_AGENZIA)
VALUES ('ABCDEFGHIJKL14', 'CATELLO', 'ZANIOLO', DATE '1990-07-15', 'IUYL67DO4OR');

INSERT INTO CONSEGNA(ID_CONSEGNA, ORARIO_CONSEGNA, ORARIO_PREVISTO, SCONTRINO2, ID_RIDER1)
VALUES ('CNSGNPRV00', TIMESTAMP '2021-05-06 12:00:00', TIMESTAMP '2021-05-06 11:45:00', 'KKMQFE6RHHABP00', 'ABCDEFGHIJKL00');

INSERT INTO CONSEGNA(ID_CONSEGNA, ORARIO_CONSEGNA, ORARIO_PREVISTO, SCONTRINO2, ID_RIDER1)
VALUES ('CNSGNPRV01', TIMESTAMP '2021-05-06 11:00:00', TIMESTAMP '2021-05-06 10:45:00', 'KKMQFE6RHHABP01', 'ABCDEFGHIJKL01');

INSERT INTO CONSEGNA(ID_CONSEGNA, ORARIO_CONSEGNA, ORARIO_PREVISTO, SCONTRINO2, ID_RIDER1)
VALUES ('CNSGNPRV02', TIMESTAMP '2021-05-06 10:00:00', TIMESTAMP '2021-05-06 09:45:00', 'KKMQFE6RHHABP02', 'ABCDEFGHIJKL02');

INSERT INTO CONSEGNA(ID_CONSEGNA, ORARIO_CONSEGNA, ORARIO_PREVISTO, SCONTRINO2, ID_RIDER1)
VALUES ('CNSGNPRV03', TIMESTAMP '2021-05-06 09:00:00', TIMESTAMP '2021-05-06 08:45:00', 'KKMQFE6RHHABP03', 'ABCDEFGHIJKL03');

INSERT INTO CONSEGNA(ID_CONSEGNA, ORARIO_CONSEGNA, ORARIO_PREVISTO, SCONTRINO2, ID_RIDER1)
VALUES ('CNSGNPRV04', TIMESTAMP '2021-05-06 13:00:00', TIMESTAMP '2021-05-06 12:45:00', 'KKMQFE6RHHABP04', 'ABCDEFGHIJKL04');

INSERT INTO CONSEGNA(ID_CONSEGNA, ORARIO_CONSEGNA, ORARIO_PREVISTO, SCONTRINO2, ID_RIDER1)
VALUES ('CNSGNPRV05', TIMESTAMP '2021-05-06 14:00:00', TIMESTAMP '2021-05-06 13:45:00', 'KKMQFE6RHHABP05', 'ABCDEFGHIJKL05');

INSERT INTO CONSEGNA(ID_CONSEGNA, ORARIO_CONSEGNA, ORARIO_PREVISTO, SCONTRINO2, ID_RIDER1)
VALUES ('CNSGNPRV06', TIMESTAMP '2021-05-06 12:00:00', TIMESTAMP '2021-05-06 11:45:00', 'KKMQFE6RHHABP06', 'ABCDEFGHIJKL06');

INSERT INTO CONSEGNA(ID_CONSEGNA, ORARIO_CONSEGNA, ORARIO_PREVISTO, SCONTRINO2, ID_RIDER1)
VALUES ('CNSGNPRV07', TIMESTAMP '2021-05-07 12:00:00', TIMESTAMP '2021-05-07 11:45:00', 'KKMQFE6RHHABP07', 'ABCDEFGHIJKL07');

INSERT INTO CONSEGNA(ID_CONSEGNA, ORARIO_CONSEGNA, ORARIO_PREVISTO, SCONTRINO2, ID_RIDER1)
VALUES ('CNSGNPRV08', TIMESTAMP '2021-05-08 12:00:00', TIMESTAMP '2021-05-08 11:45:00', 'KKMQFE6RHHABP08', 'ABCDEFGHIJKL08');

INSERT INTO CONSEGNA(ID_CONSEGNA, ORARIO_CONSEGNA, ORARIO_PREVISTO, SCONTRINO2, ID_RIDER1)
VALUES ('CNSGNPRV09', TIMESTAMP '2021-05-07 11:00:00', TIMESTAMP '2021-05-07 10:45:00', 'KKMQFE6RHHABP09', 'ABCDEFGHIJKL09');

INSERT INTO CONSEGNA(ID_CONSEGNA, ORARIO_CONSEGNA, ORARIO_PREVISTO, SCONTRINO2, ID_RIDER1)
VALUES ('CNSGNPRV10', TIMESTAMP '2021-05-08 11:00:00', TIMESTAMP '2021-05-08 10:45:00', 'KKMQFE6RHHABP10', 'ABCDEFGHIJKL10');

INSERT INTO CONSEGNA(ID_CONSEGNA, ORARIO_CONSEGNA, ORARIO_PREVISTO, SCONTRINO2, ID_RIDER1)
VALUES ('CNSGNPRV11', TIMESTAMP '2021-05-07 10:00:00', TIMESTAMP '2021-05-07 09:45:00', 'KKMQFE6RHHABP11', 'ABCDEFGHIJKL11');

INSERT INTO CONSEGNA(ID_CONSEGNA, ORARIO_CONSEGNA, ORARIO_PREVISTO, SCONTRINO2, ID_RIDER1)
VALUES ('CNSGNPRV12', TIMESTAMP '2021-05-09 12:00:00', TIMESTAMP '2021-05-09 11:45:00', 'KKMQFE6RHHABP12', 'ABCDEFGHIJKL12');

INSERT INTO CONSEGNA(ID_CONSEGNA, ORARIO_CONSEGNA, ORARIO_PREVISTO, SCONTRINO2, ID_RIDER1)
VALUES ('CNSGNPRV13', TIMESTAMP '2021-05-10 12:00:00', TIMESTAMP '2021-05-10 11:45:00', 'KKMQFE6RHHABP13', 'ABCDEFGHIJKL13');

INSERT INTO CONSEGNA(ID_CONSEGNA, ORARIO_CONSEGNA, ORARIO_PREVISTO, SCONTRINO2, ID_RIDER1)
VALUES ('CNSGNPRV14', TIMESTAMP '2021-05-11 12:00:00', TIMESTAMP '2021-05-11 11:45:00', 'KKMQFE6RHHABP14', 'ABCDEFGHIJKL14'); 